{"stats":{"minecraft:used":{"minecraft:netherite_sword":16,"realworld:professional_firing_device":215,"minecraft:grass_block":11,"minecraft:netherite_axe":28,"minecraft:shield":13,"minecraft:slime_spawn_egg":11,"minecraft:bedrock":1,"minecraft:dirt":4,"minecraft:anvil":1,"minecraft:potion":1,"minecraft:netherite_pickaxe":9,"realworld:magnesite":182},"minecraft:dropped":{"realworld:magnesium_dust":66,"minecraft:slime_ball":4,"minecraft:grass_block":1},"minecraft:custom":{"minecraft:time_since_rest":39305,"minecraft:sprint_one_cm":46918,"minecraft:damage_taken":840,"minecraft:walk_one_cm":82499,"minecraft:damage_blocked_by_shield":340,"minecraft:interact_with_anvil":1,"minecraft:mob_kills":37,"minecraft:drop":75,"minecraft:damage_dealt":4325,"minecraft:talked_to_villager":1,"minecraft:fly_one_cm":394308,"minecraft:crouch_one_cm":3746,"minecraft:play_one_minute":115508,"minecraft:deaths":3,"minecraft:sneak_time":680,"minecraft:jump":692,"minecraft:leave_game":26,"minecraft:time_since_death":39248,"minecraft:fall_one_cm":269},"minecraft:killed_by":{"minecraft:zombie":1},"minecraft:mined":{"minecraft:fire":1,"realworld:magnesite":9},"minecraft:picked_up":{"minecraft:feather":2,"minecraft:chicken":1,"minecraft:cooked_porkchop":1,"minecraft:gunpowder":6,"minecraft:spider_eye":1,"minecraft:string":1,"minecraft:bone":6,"realworld:magnesite":2,"minecraft:arrow":5,"minecraft:rotten_flesh":5,"minecraft:slime_ball":22,"realworld:magnesium_dust":66},"minecraft:killed":{"minecraft:skeleton":4,"minecraft:zombie":4,"minecraft:chicken":2,"minecraft:spider":6,"minecraft:slime":16,"minecraft:creeper":5}},"DataVersion":2584}